Box,Last Name,First Name,Series Title/Book Title,Series #,Book Title,Price 1,Price 2,Avg Price,Search Result
42,Aarons,Edwards S.,Assignment,,Treason,4.05,4.06,9.872666667,
42,Aarons,Edwards S.,Assignment,,Carlotta Cortez,4.09,4.1,5.604,
42,Aarons,Edwards S.,Assignment,,Solu Sea,,,,No Result
42,Aarons,Edwards S.,Assignment,,Madeleine,4.5,1,7.075333333,
42,Aarons,Edwards S.,Assignment,,Black Viking,1,1.5,7.190333333,
42,Aarons,Edwards S.,Assignment,,The Girl in the Gondola,3.59,1,6.450666667,
42,Aarons,Edwards S.,Assignment,,To Disaster,4.31,6.48,22.27233333,
42,Aarons,Edwards S.,Assignment,,Angelina,4.05,4.37,5.354666667,
42,Aarons,Edwards S.,Assignment,,Helene,20,38.51,7.207333333,
42,Aarons,Edwards S.,Assignment,,Helene,20,38.51,7.207333333,
42,Aarons,Edwards S.,Assignment,,Quayle Question,1,1.99,6.212333333,
42,Aarons,Edwards S.,Assignment,,Peking,1,2,19.009,
42,Aarons,Edwards S.,Assignment,,Stella Marni,1,1.5,6.720666667,
42,Aarons,Edwards S.,Assignment,,Tokyo,4.09,4.13,12.6884,
42,Aarons,Edwards S.,Assignment,,Ceylon,3.65,4.05,11.49766667,
42,Aarons,Edwards S.,Assignment,,Lili Lamaris,5.03,1.25,7.662333333,
42,Aarons,Edwards S.,Assignment,,Zoraya,4.05,4.14,5.087333333,
42,Aarons,Edwards S.,Assignment,,School for Spies,1.5,2.29,6.934,
42,Aarons,Edwards S.,Assignment,,Cong Hai Kill,1,1.5,5.552333333,
42,Aarons,Edwards S.,Assignment,,Palermo,1,2,11.662,
42,Aarons,Edwards S.,Assignment,,Mara Tirana,20,1,5.740666667,
42,Aarons,Edwards S.,Assignment,,Ankara,2,3,7.095333333,
42,Aarons,Edwards S.,Assignment,,Unicorn,3.64,4.05,8.523666667,
42,Aarons,Edwards S.,Assignment,,Amazon Queen,4.05,3.49,5.355333333,
42,Aarons,Edwards S.,Assignment,,Manchurian Doll,1.5,1,5.781666667,
42,Aarons,Edwards S.,Assignment,,Ankara,2,3,7.095333333,
42,Aarons,Edwards S.,Assignment,,Ceylon,3.65,4.05,11.49766667,
42,Aarons,Edwards S.,Assignment,,Silver Scorpion,4.77,4.78,8.772666667,
42,Aarons,Edwards S.,Assignment,,Gift of Death,1.58,2.5,24.21545455,
42,Aarons,Edwards S.,Assignment,,Budapest,3.24,3.6,4.781666667,
42,Aarons,Edwards S.,Assignment,,Lowlands,4.53,4.53,3.999666667,
42,Aarons,Edwards S.,Assignment,,Carlotta Cortez,4.09,4.1,5.604,
42,Aarons,Edwards S.,Assignment,,Golden Girl,1.5,4.74,8.647,
42,Aarons,Edwards S.,Assignment,,Suicide,2.29,6,13.56033333,
42,Aarons,Edwards S.,Assignment,,White Rajah,3.67,3.67,8.404,
42,Aarons,Edwards S.,Assignment,,Karachi,1.99,6,5.264,
42,Aarons,Edwards S.,Assignment,,Karachi,1.99,6,5.264,
42,Aarons,Edwards S.,Assignment,,Sheba,3.5,,3.5,
42,Aarons,Edwards S.,Assignment,,Catspaw Ordeal,2,3,7.216538462,
42,Aarons,Edwards S.,Assignment,,Sorrento Siren,2.29,2,5.456,
42,Aarons,Edwards S.,Assignment,,Nuclear Nude,6.14,2,8.583,
42,Aarons,Edwards S.,Assignment,,Bangkok,1.67,2,12.111,
42,Aarons,Edwards S.,Assignment,,The Girl in the Gondola,3.59,1,6.450666667,
42,Aarons,Edwards S.,Assignment,,Maltese Maiden,4.37,4.5,12.07666667,
42,Aarons,Edwards S.,Assignment,,Star Stealers,6.11,3.68,3.504,
42,Aarons,Edwards S.,Assignment,,Unicorn,3.64,4.05,8.523666667,
42,Aarons,Edwards S.,Assignment,,Silver Scorpion,4.77,4.78,8.772666667,
42,Aarons,Edwards S.,Assignment,,Zoraya,4.05,4.14,5.087333333,
42,Aarons,Edwards S.,Assignment,,Afghan Dragon,4.08,4.08,7.949,
42,Aarons,Edwards S.,Assignment,,Moon Girl,4.05,2.5,6.360666667,
42,Aarons,Edwards S.,Assignment,,The Cairo Dancers,6.5,2.95,12.527,
42,Aarons,Edwards S.,Assignment,,The Cairo Dancers,6.5,2.95,12.527,
42,Aarons,Edwards S.,Assignment,,Burma Girl,1,4.37,4.873333333,
42,Aarons,Edwards S.,Assignment,,Black Gold,1.5,2,12.13733333,
42,Aarons,Edwards S.,Assignment,,Peking,1,2,19.009,
42,Aarons,Edwards S.,Assignment,,Afghan Dragon,4.08,4.08,7.949,
42,Aarons,Edwards S.,Assignment,,Angelina,4.05,4.37,5.354666667,
43,Aarons,Will B.,Assignment Sheba,,,2,10,23.25263158,
43,Adams,Douglas,The Hitch Hiker'S Guide To The Galaxy,,,4.04,4.04,4.190666667,
43,Adams,Douglas,The Man From Planet X,2,Tiger By The Tail,,,,No Result
43,Adlard,Mark,Multiface,,,2.85,3.83,8.022333333,
43,Adler,Allen,Terror On Planet Ionus,,,4.05,1.5,7.997666667,
43,Adler,Allen,Terror On Planet Ionus,,,4.05,1.5,7.997666667,
43,Agniel,Lucien,"Code Name: ""Icy""",,,1.99,1.5,7.858888889,
42,Akers,Alan Burt,Renegade Of Kregen,,,4.49,4.51,11.434,
42,Akers,Alan Burt,Krozair Of Kregen,,,3,5,13.14266667,
42,Akers,Alan Burt,The Tides Of Kregen,,,5.32,5.7,17.54866667,
42,Akers,Alan Burt,Avenger Of Antares,,,3.5,7.5,18.915,
42,Akers,Alan Burt,Warrior Of Scorpio,,,5,2,5.641,
42,Akers,Alan Burt,Manhounds Of Antares,,,3.5,3,20.51966667,
42,Akers,Alan Burt,Manhounds Of Antares,,,3.5,3,20.51966667,
42,Akers,Alan Burt,Bladesman Of Antares,,,4.03,4.47,13.76466667,
42,Akers,Alan Burt,Fliers Of Antares,,,2.89,3.5,8.085333333,
42,Akers,Alan Burt,Armada Of Antares,,,6.71,7,11.334,
42,Akers,Alan Burt,Arena Of Antares,,,3,3.5,19.62,
42,Akers,Alan Burt,Golden Scorpio,,,2,3.95,19.10166667,
42,Akers,Alan Burt,Savage Scorpio,,,1,7.5,11.78631579,
42,Akers,Alan Burt,Swordships Of Scorpio,,,5.69,6.14,8.744,
42,Akers,Alan Burt,Prince Of Scorpio,,,3.5,7.98,7.287666667,
42,Akers,Alan Burt,Swordships Of Scorpio,,,5.69,6.14,8.744,
42,Akers,Alan Burt,Transit To Scorpio,,,1.75,2.96,9.019666667,
42,Akers,Alan Burt,Captive Scorpio,,,5.68,8.99,22.405,
42,Akers,Alan Burt,Secret Scorpio,,,1.26,5,12.771,
42,Akers,Alan Burt,The Suns Of Scorpio,,,1.75,5.04,5.947333333,
42,Akers,Alan Burt,Transit To Scorpio,,,1.75,2.96,9.019666667,
42,Akers,Alan Burt,The Suns Of Scorpio,,,1.75,5.04,5.947333333,
43,Alban,Antony,Catharsis Central,,,1.5,3.95,9.240666667,
43,Alban,Antony,The Day Of The Shield,,,5.14,2.94,6.654444444,
43,Albert,Marvin H.,What'S New Pussycat?,,,3.73,3.73,7.455666667,
42,Aldiss,Brian,The Eighty Minute Hour,,,3.25,3.25,6.354,
42,Aldiss,Brian,Greybeard,,,4.09,4.14,6.806,
42,Aldiss,Brian,Yet More Penguin Science Fiction,,,5.35,5.42,8.018965517,
42,Aldiss,Brian,Cryptozoic!,,,1.36,3.72,6.903666667,
42,Aldiss,Brian,Neandethal Planet,,,,,,No Result
42,Aldiss,Brian,Starship,,,2.5,7,13.85033333,
42,Aldiss,Brian,The Interpreter,,,1,5.37,3.327333333,
42,Aldiss,Brian,The Long Afternoon Of Earth,,,1,1.85,8.988333333,
42,Aldiss,Brian,The Book Of Brian Aldiss,,,1.25,4.5,7.083333333,
42,Aldiss,Brian,The Moment Of Eclipse,,,2.65,3.35,57.794,
42,Aldiss,Brian,Barefoot In The Head,,,5.52,7.43,16.49133333,
42,Aldiss,Brian,Bow Down To Nul,,,4.79,5.99,6.211,
42,Aldiss,Brian,The Malacia Tapestry,,,1,4.1,3.149666667,
42,Aldiss,Brian,All About Venus,,,3,3,6.735714286,
42,Aldiss,Brian,Hothouse,,,1.39,2,17.563,
42,Aldiss,Brian,Earthworks,,,1.65,4.97,5.164666667,
42,Aldiss,Brian,Starswarm,,,1,4.05,2.991666667,
42,Aldiss,Brian,More Penguin Science Fiction,,,5,4.02,5.949666667,
42,Aldiss,Brian,All About Venus,,,3,3,6.735714286,
42,Aldiss,Brian,The Eighty Minute Hour,,,3.25,3.25,6.354,
42,Aldiss,Brian,Starswarm,,,1,4.05,2.991666667,
42,Aldiss,Brian,Penguin Science Fiction,,,6,5.35,5.746333333,
42,Aldiss,Brian,Earthworks,,,1.65,4.97,5.164666667,
42,Aldiss,Brian,Galactic Empires 1,,,3.95,5.29,16.93566667,
42,Aldiss,Brian,The Canopy Of Time,,,4.64,1,12.23566667,
42,Aldiss,Brian,No Time Like Tomorrow,,,2,2.48,7.910666667,
42,Aldiss,Brian,Galaxies Like Grains Of Sand,,,4.09,1.83,3.006333333,
42,Aldiss,Brian,The Dark Light-Years,,,1.45,6,5.058,
43,Alexander,Jan,Blood Moon,,,51,,51,
43,Alexander,Lloyd,The Black Cauldron,,,1.65,1.65,3.89,
43,Alexander,Lloyd,The Castle Of Llyr,,,3.24,3.24,3.831666667,
43,Alexander,Lloyd,The High King,,,3.64,1,3.934666667,
43,Allen,Betsy,The Clue In Blue,,,2.05,5,10.024,
43,Allen,Henry Wilson,Genesis Five,,,3.59,3.59,11.53344828,
S4,Allen,Roger Macbride,Star Wars,,Showdown At Centerpoint,4.05,4.05,5.563333333,
43,Allingham,Margery,The Mind Readers ,,,3.64,4.04,3.804666667,
43,Allison,Clyde,The Desdamona Affair,,,99.99,102.5,119.81125,
43,Ambler,Eric,The Dark Frontier,,,4.04,4.04,4.157,
43,Ambler,Eric,The Mask Of Dimitrios,,,1.36,5.26,4.556666667,
43,Ambler,Eric,Cause For Alarm,,,4.5,4.5,4.859,
43,Ambler,Eric,Epitaph For A Spy,,,4.05,4.05,3.46,
43,Ambler,Eric,Passage Of Arms,,,1,4.08,2.976,
43,Ambler,Eric,Epitaph For A Spy,,,4.05,4.05,3.46,
43,Ambler,Eric,Judgment On Deltchev,,,3.64,4.05,3.949333333,
43,Ambler,Eric,Background To Danger,,,3.65,4.2,4.398,
43,Ambler,Eric,Judgment On Deltchev,,,3.64,4.05,3.949333333,
43,Ambler,Eric,The Levanter,,,3.59,1,3.663,
43,Amis,Kingsley,Spectrum V,,,17,12.72,9.170666667,
43,Anderson,Chester,Ten Years To Doomsday,,,2.19,3.5,5.891,
43,Anderson,Chester,The Butterfly Kid,,,42.99,40,124.835,
S4,Anderson,Kevin J.,Star Wars,,Tales From Jabba's Palace,4.05,4.05,15.51633333,
42,Anderson,Poul,The Enemy Stars,,,3.99,4,3.330333333,
42,Anderson,Poul,Mirkheim,,,4.09,4.46,3.311333333,
42,Anderson,Poul,7 Conquests,,,1,1.75,9.289333333,
42,Anderson,Poul,The Broken Sword,,,4.9,4.9,6.274666667,
42,Anderson,Poul,Three Hearts and Three Lions,,,5.51,1,5.683,
42,Anderson,Poul,The Corridors of Time,,,1,1.65,3.11,
42,Anderson,Poul,Satan's World,,,1,4.09,3.519,
42,Anderson,Poul,There Will be Time,,,4.05,4.05,4.335333333,
42,Anderson,Poul,The Makeshift Rocket,,,2.31,1.36,24.37766667,
42,Anderson,Poul,The book of Poul Anderson,,,5.95,1.98,7.607666667,
42,Anderson,Poul,Orbit Unlimited,,,4,4.05,3.375,
42,Anderson,Poul,The People of the Wind,,,1,1.75,3.758,
42,Anderson,Poul,The People of the Wind,,,1,1.75,3.758,
42,Anderson,Poul,Star Ways,,,2.45,2.75,127.75,
42,Anderson,Poul,War of the Wing-Men,,,1,1.25,3.966,
42,Anderson,Poul,Vault of the Ages,,,3.65,4.06,4.974333333,
42,Anderson,Poul,War of the Wing-Men,,,1,1.25,3.966,
42,Anderson,Poul,Beyond the Beyond,,,4.14,1.5,3.469666667,
42,Anderson,Poul,The Avatar,,,3.64,1,3.398333333,
42,Anderson,Poul,The Worlds of Poul Anderson,,,4.32,4.99,17.23533333,
42,Anderson,Poul,The Byworlder,,,4.5,1,4.39,
42,Anderson,Poul,Hoka,,,3,4,23.39066667,
42,Anderson,Poul,Virgin Planet,,,1.5,1.5,4.056,
42,Anderson,Poul,Earthman's burden,,,4,15,24.27933333,
42,Anderson,Poul,the Book of Poul Anderson,,,5.95,1.98,7.607666667,
42,Anderson,Poul,Guardians of Time,,,1,4.07,3.243,
42,Anderson,Poul,The Rebel Worlds,,,1,1,4.281333333,
42,Anderson,Poul,The Corridors of Time,,,1,1.65,3.11,
42,Anderson,Poul,World Without Stars,,,4.17,4.17,4.266333333,
42,Anderson,Poul,Beyond the Beyond,,,4.14,1.5,3.469666667,
42,Anderson,Poul,Shield,,,3.64,1,3.939333333,
42,Anderson,Poul,Shield,,,3.64,1,3.939333333,
42,Anderson,Poul,the Horn of Time,,,1,1,4.354,
42,Anderson,Poul,The Earth Book of Stormgate,,,3.64,3.64,3.437666667,
42,Anderson,Poul,We Claim These Stars,,,5.66,1.98,11.03833333,
42,Anderson,Poul,Earthman's burden,,,4,15,24.27933333,
42,Anderson,Poul,We Claim These Stars,,,5.66,1.98,11.03833333,
42,Anderson,Poul,Fire Time,,,3.6,1,3.567333333,
42,Anderson,Poul,The Rebel Worlds,,,1,1,4.281333333,
42,Anderson,Poul,The high Crusade,,,4.98,5.53,5.625333333,
42,Anderson,Poul,Three Worlds to Conquer,,,3.59,3.59,3.608333333,
42,Anderson,Poul,the Horn of Time,,,1,1,4.354,
42,Anderson,Poul,Ensign Flandry,,,3.65,1,4.043666667,
42,Anderson,Poul,the Book of Poul Anderson,,,5.95,1.98,7.607666667,
42,Anderson,Poul,Flandry of terra,,,3.58,3.59,4.709666667,
42,Anderson,Poul,The Demon of Scattery,,,1,1,9.800666667,
42,Anderson,Poul,Three Hearts and Three Lions,,,5.51,1,5.683,
42,Anderson,Poul,Virgin Planet,,,1.5,1.5,4.056,
42,Anderson,Poul,After Doomsday,,,4.02,4.03,4.131666667,
42,Anderson,Poul,Time and Stars,,,3.64,3.64,3.676666667,
42,Anderson,Poul,The high Crusade,,,4.98,5.53,5.625333333,
42,Anderson,Poul,The Merman's Children,,,3.24,3.47,3.609,
42,Anderson,Poul,the Dancer From Atlantis,,,3.64,3.96,3.684666667,
42,Anderson,Poul,The Star Fox,,,3.64,3.64,3.719,
42,Anderson,Poul,Ensign Flandry,,,3.65,1,4.043666667,
42,Anderson,Poul,The People of the Wind,,,1,1.75,3.758,
42,Anderson,Poul,Tau Zero,,,3.59,1.36,5.821333333,
42,Anderson,Poul,Ensign Flandry,,,3.65,1,4.043666667,
42,Anderson,Poul,The Night Face,,,4.08,4.09,4.701333333,
42,Anderson,Poul,The Broken Sword,,,4.9,4.9,6.274666667,
42,Anderson,Poul,Brain Wave,,,4.51,4.97,4.685333333,
42,Anderson,Poul,The Unicorn Trade,,,3.5,5.95,12.68466667,
42,Anderson,Poul,A Circus of Hells,,,4.94,3.95,6.517333333,
42,Anderson,Poul,Mirkheim,,,4.09,4.46,3.311333333,
S4,Anderson,Poul,Conan,,The Rebel,1,1,3.989666667,
43,Anderson,William C.,Penelope,,,5.67,8,24.55068966,
43,Anobile,Richard J.,Star Trek II: The Wrath of Khan,,,4.05,4.05,10.38666667,
43,Antonio,San,The Strangler,,,13.99,12,16.78833333,
43,Antonio,San,Crooks' Hill,,,13.99,,13.99,
43,Antonio,San,The Hatchet Man,,,8,10.74,10.24666667,
43,Antonio,San,The Strangler,,,13.99,12,16.78833333,
43,Antonio,San,Tough Justice,,,18,49,36.61333333,
43,Antonio,San,Tough Justice,,,18,49,36.61333333,
43,Anvil,Christopher,Pandora'S Planet,,,4.93,2.5,41.88433333,
43,Anvil,Christopher,Pandora'S Planet,,,4.93,2.5,41.88433333,
43,Anvil,Christopher,Warlord'S World,,,1,4.14,5.786,
43,Anvil,Christopher,Strangers In Paradise,,,3.59,3.59,7.210666667,
43,Appel,Benjamin,The Death Master,,,6.7,3,5.868888889,
43,Appleton II,Tom,Tom Swift,2,And The City of Gold,,,,No Result
43,Appleton II,Tom,Tom Swift,1,In The Jungle of the Mayas,,,,No Result
43,Appleton II,Victor,Tom Swift And His Rocket Ship,,,3.64,3.64,8.310666667,
43,Archer,Frank,The Turquoise Spike,,,1,1,5.579,
43,Arnam,Dave Van,Lord Of Blood,,,4.09,4.09,4.707333333,
43,Arnam,Dave Van,Wizard Of Storms,,,1.03,1.99,5.694666667,
43,Arnam,Dave Van,Starmind,,,1,4.09,3.762,
43,Arnam,Dave Van,Starmind,,,1,4.09,3.762,
43,Arnold,Edwin L.,Gulliver Of Mars,,,4.97,5.62,6.783333333,
43,Arnold,Edwin L.,Gulliver Of Mars,,,4.97,5.62,6.783333333,
43,Arrow,William,Return To The Planet Of The Apes 2,,,19.55,66.93,58.33916667,
43,Ashby,Richard,Act Of God,,,3,3,9.846666667,
43,Ashby,Richard,Act Of God,,,3,3,9.846666667,
43,Asprin,Robert Lynn,Another Fine Myth,,,4,7,24.958,
43,Asprin,Robert Lynn,The Bug Wars,,,2.5,12.95,14.65714286,
43,Asprin,Robert Lynn,Tales From The Vulgar Unicorn,,,4,4.95,30.433,
42,Atlee,Philip,The Death Bird Contract,,,4,6,14.5475,
42,Atlee,Philip,The Fer-De-Lance Contract,,,2.29,3.95,19.94428571,
42,Atlee,Philip,The Skeleton Coast Contract,,,4.09,4.62,26.87111111,
42,Atlee,Philip,The Paper Pistol Contract,,,4.09,4.14,7.565,
42,Atlee,Philip,The Black Venus Contract,,,1,5.99,8.139285714,
42,Atlee,Philip,The Star Ruby Contract,,,1.95,6.34,17.458,
42,Atlee,Philip,The Ill Wind Contract,,,1.88,1.98,20.51714286,
42,Atlee,Philip,The Silken Baroness Contract,,,4.05,4.84,8.225555556,
42,Atlee,Philip,The Green Wound Contract,,,2.29,5.95,24.61777778,
42,Atlee,Philip,The Rockabye Contract,,,2,5.89,18.68416667,
42,Atlee,Philip,The Death Bird Contract,,,4,6,14.5475,
42,Atlee,Philip,The Death Bird Contract,,,4,6,14.5475,
42,Atlee,Philip,The Judah Lion Contract,,,4.49,1.88,9.694347826,
42,Atlee,Philip,The White Wolverine Contract,,,1,3.95,9.028846154,
42,Atlee,Philip,The Irish Beauty Contract,,,4.36,4.95,10.02178571,
42,Atlee,Philip,The Irish Beauty Contract,,,4.36,4.95,10.02178571,
42,Atlee,Philip,The Kiwi Contract,,,1,1.45,12.734,
42,Atlee,Philip,The Underground Cities Contract,,,4,5,25.83473684,
42,Atlee,Philip,The Last Domino Contract,,,3.95,3.74,45.80533333,
42,Atlee,Philip,The Fer-De-Lance Contract,,,2.29,3.95,19.94428571,
42,Atlee,Philip,The Shankill Road Contract,,,4.74,4.79,8.549545455,
42,Atlee,Philip,The Black Venus Contract,,,1,5.99,8.139285714,
42,Atlee,Philip,The Kowloon Contract,,,1,1.99,9.7112,
42,Atlee,Philip,The Spice Route Contract,,,6.29,3.95,7.202857143,
42,Atlee,Philip,The Judah Lion Contract,,,4.49,1.88,9.694347826,
42,Atlee,Philip,The Spice Route Contract,,,6.29,3.95,7.202857143,
42,Atlee,Philip,The Spice Route Contract,,,6.29,3.95,7.202857143,
42,Atlee,Philip,The Skeleton Coast Contract,,,4.09,4.62,26.87111111,
42,Atlee,Philip,The Canadian Bomber Contract,,,1.5,1.5,13.94214286,
43,Avallone,Michael,The Satan Sleuth,3,"Devil, Devil",1,7,61.695,
43,Avallone,Michael,The Satan Sleuth,1,Fallen Angel,44.39,67.02,59.67222222,
43,Avallone,Michael,Hawaii Five-O,,,3,4,22.8226087,
43,Avallone,Michael,The Satan Sleuth,2,The Werewolf Walks Tonight,83.04,83.07,65.41,
43,Avallone,Michael,Hawaii Five-O,,Terror in the Sun,7.19,7.36,10.92375,
43,Avallone,Michael,Beneath The Planet Of The Apes,,,2.95,4,23.29233333,
S4,Avallone,Michael,The Girl From U.N.C.L.E.,1,,7.97,81.05,16.17466667,
S4,Avallone,Michael,The Girl From U.N.C.L.E.,2,The Blazing Affair,9.99,7,14.764,
S4,Avallone,Michael,The Man From U.N.C.L.E.,1,,1,1,5.177,
S4,Avallone,Michael,The Man From U.N.C.L.E.,1,,1,1,5.177,
S4,Avallone,Michael,The Man From U.N.C.L.E.,1,,1,1,5.177,
43,Avery,Richard,The Expendables - Zelos,,,1.5,3.79,5.723333333,
43,Aylesworth,John,"Fee, Fei, Fo, Fum",,,1,2.35,6.441,
40,Bagley,Desmond,The Snow Tiger,,,4.49,4.49,3.816333333,
40,Bahnson Jr.,Agnew H.,The Stars are too High,,,5.08,1,20.42285714,
40,Baker,W. Howard,Departure Deferred,,,4.95,5,9.8945,
40,Balchin,Nigel,Kings of Infinite Space,,,1.55,1,6.114,
40,Baldwin,Faith,The Heart Remembers,,,5.97,1.99,8.859,
40,Baldwin,Faith,"Rich Girl, Poor Girl",,,7.38,4,48.08933333,
41,Ball,Brian N.,Timepiece,,,1.75,3.5,6.048666667,
41,Ball,Brian N.,Planet Probability,,,1,1.45,11.605,
41,Ball,Brian N.,The Probability Man,,,1.13,2,6.657333333,
41,Ball,Brian N.,Timepivot,,,3.98,3.5,9.183846154,
41,Ball,Brian N.,Timepivot,,,3.98,3.5,9.183846154,
41,Ball,Brian N.,Sundog,,,12,15,8.1375,
41,Ball,Brian N.,Sundog,,,12,15,8.1375,
41,Ball,Brian N.,Timepiece,,,1.75,3.5,6.048666667,
41,Ball,Brian N.,Singularity Station,,,3.49,3.49,5.391333333,
41,Ball,Brian N.,Singularity Station,,,3.49,3.49,5.391333333,
41,Ball,Brian N.,The Regiments of Night,,,4.05,4.09,4.510333333,
40,Ballard,J.G.,The Crystal World,,,11.4,20.85,62.27133333,
40,Ballard,J.G.,The Wind From Nowhere,,,15,16,46.009,
40,Ballard,J.G.,The Terminal Beach,,,3.07,5,78.738,
40,Ballard,J.G.,The Day of Forever,,,5.88,16.48,49.87366667,
40,Ballard,J.G.,The Impossible Man,,,3,3,20.44766667,
40,Ballard,J.G.,The Downed World,,,,,,No Result
40,Ballard,J.G.,The Downed World,,,,,,No Result
40,Ballard,J.G.,Billenium,,,5,5,33.285,
40,Ballard,J.G.,Chronopolis,,,200,8,52.30733333,
40,Ballard,J.G.,Chronopolis,,,200,8,52.30733333,
40,Bamber,George,The Sea IS Boiling Hot,,,4.1,4.14,13.189,
40,Banister,Manly,Conquest of Earth,,,3.59,4.14,3.236,
41,Barbet,Pierre,Games Psyborgs Play,,,1,1,14.40166667,
41,Barbet,Pierre,Baphomet's Meteor,,,3,4,20.449,
41,Barbet,Pierre,The Napoleons of Eridanus,,,3.64,3.64,4.663333333,
41,Barbet,Pierre,The Napoleons of Eridanus,,,3.64,3.64,4.663333333,
41,Barbet,Pierre,The Napoleons of Eridanus,,,3.64,3.64,4.663333333,
41,Barbet,Pierre,The Joan-Of-Arc Replay,,,4.05,1.26,12.04766667,
41,Barbet,Pierre,The Enchanted Planet,,,4.05,4.05,4.557333333,
41,Barbet,Pierre,The Joan-Of-Arc Replay,,,4.05,1.26,12.04766667,
41,Barbet,Pierre,The Joan-Of-Arc Replay,,,4.05,1.26,12.04766667,
40,Baring-Gould,W.S.,Sherlock Holmes of Baker Street,,,16,29.99,19.88555556,
41,Baring-Gould,W.S.,Sherlock Holmes of Baker Street,,,16,29.99,19.88555556,
40,Barker,M.A.R.,The Man of Gold,,,1.36,1.36,28.26590909,
40,Barnes,Arthur K.,Interplanetary Hunter,,,5.78,6.2,21.28633333,
40,Barnwell,William,The Sigma Curve,,,3,3,15.801,
40,Barr,Donald,Space Relations,,,3.59,1,6.555333333,
40,Barr,Donald,Space Relations,,,3.59,1,6.555333333,
41,Barrett,Neal,"Aldair, Master of Ships",,,4.96,1.97,14.75931034,
41,Barrett,Neal,Stress Pattern,,,3.49,3.59,7.872333333,
41,Barrett,Neal,Aldair in Albion,,,6.47,3,15.21428571,
41,Barrett,Neal,Stress Pattern,,,3.49,3.59,7.872333333,
41,Barrett,Neal,The Leaves of Time,,,6.7,7.14,10.65625,
41,Barrett,Neal,Aldair: The Legion of Beasts,,,4.49,4.51,20.19176471,
40,Barrett,William E.,The Fools of Time,,,4.14,4.18,7.447,
40,Barrett Jr.,Neal,Kelwin,,,3.95,2.96,10.2925,
41,Barry,Mike,The Lone Wolf,1,Night Raider,10.69,18.39,44.33384615,
41,Barry,Mike,The Lone Wolf,2,Bay Prowler,10.69,18.39,30.13384615,
41,Barry,Mike,The Lone Wolf,3,Boston Avenger,10.69,18.39,25.20727273,
41,Barry,Mike,The Lone Wolf,4,Desert Stalker,5,10.69,21.15333333,
41,Barry,Mike,The Lone Wolf,5,Havana Hit,10.69,18.39,9.935555556,
41,Barry,Mike,The Lone Wolf,5,Havana Hit,10.69,18.39,9.935555556,
41,Barry,Mike,The Lone Wolf,6,Chicage Slaughter,,,,No Result
41,Barry,Mike,The Lone Wolf,6,Chicage Slaughter,,,,No Result
41,Barry,Mike,The Lone Wolf,7,Peruvian Nightmare,10.69,18.39,11.475,
41,Barry,Mike,The Lone Wolf,7,Peruvian Nightmare,10.69,18.39,11.475,
41,Barry,Mike,The Lone Wolf,7,Peruvian Nightmare,10.69,18.39,11.475,
41,Barry,Mike,The Lone Wolf,8,Los Angeles Holocause,,,,No Result
41,Barry,Mike,The Lone Wolf,9,Miami Marauder,10.69,18.39,8.958,
41,Barry,Mike,The Lone Wolf,9,Miami Marauder,10.69,18.39,8.958,
41,Barry,Mike,The Lone Wolf,9,Miami Marauder,10.69,18.39,8.958,
41,Barry,Mike,The Lone Wolf,10,Harlem Showdown,10.69,18.39,10.314,
41,Barry,Mike,The Lone Wolf,11,Detroit Massacre,10.69,18.39,10.208,
41,Barry,Mike,The Lone Wolf,12,Phoenix Inferno,10.69,18.39,31.61333333,
41,Barry,Mike,The Lone Wolf,13,The Killing Run,10.69,18.39,24.56666667,
41,Barry,Mike,The Lone Wolf,14,Philadelphia Blowup,8.82,11.99,22.92833333,
42,Barzman,Ben,Echo X,,,3.59,5.35,10.61133333,
41,Bass,T.J.,Half Past Human,,,5.6,6.3,25.37866667,
41,Bass,T.J.,The Godwhale,,,4.3,4.5,12.229,
41,Bass,T.J.,The Godwhale,,,4.3,4.5,12.229,
41,Bass,T.J.,Half Past Human,,,5.6,6.3,25.37866667,
42,Baum,L. Frank,Tik-Tok of Oz,,,3.64,4.04,4.110333333,
41,Bayley,Barrington J.,Collision Course,,,4,6,25.07666667,
41,Bayley,Barrington J.,The Grand Wheel,,,1,4,8.689,
41,Bayley,Barrington J.,Empire of Two Worlds,,,4.54,3,20.08172414,
41,Bayley,Barrington J.,The Fall Of Chronopolis,,,4.49,4.5,6.568666667,
41,Bayley,Barrington J.,Star Winds,,,5.4,5.41,14.50933333,
41,Bayley,Barrington J.,Star Winds,,,5.4,5.41,14.50933333,
41,Bayley,Barrington J.,Collision Course,,,4,6,25.07666667,
41,Beagle,Peter S.,The Last Unicorn,,,6.78,6.78,7.903,
41,Beagle,Peter S.,A Fine And Private Mess,,,,,,No Result
42,Bell,Neal,Gone to be Snakes Now,,,4.64,3,10.23380952,
42,Bellamy,Edward P.,Looking Backward,,,40,,40,
42,Bellow,Saul,Mr. Sammler's Planet,,,3.64,4.04,4.060333333,
42,Benford,Greg,Deeper Than the Darkneww,,,,,,No Result
42,Benoit,Pierre,Atlantida,,,4.05,1.5,6.614,
42,Berlyn,Michael,Crystal Phoenix,,,3.64,4.05,16.536,
42,Bernard,Christine,2nd Armada Ghost Book,,,3.16,4.02,12.974,
42,Bernard,Rafe,Army of the Undead,,,7,12,27.21052632,
42,Bester,Alfred,Starburst,,,5.53,5.97,5.253666667,
42,Bester,Alfred,Golem 100,,,4.02,4.03,7.636666667,
42,Bester,Alfred,The Dark Side of the Earth,,,1,1,6.941,
42,Bester,Alfred,The Stars My Destination,,,4.05,4.05,3.908,
42,Bester,Alfred,The Stars My Destination,,,4.05,4.05,3.908,
42,Bester,Alfred,Starburst,,,5.53,5.97,5.253666667,
42,Beynon,Jhon,Stowaway to Mars,,,,,,No Result
41,Biggers,Earl Derr,The Chinese Parrot,,,4.4,1,5.924,
41,Biggers,Earl Derr,Keeper of the Keys,,,6.55,3,8.603666667,
41,Biggers,Earl Derr,The House Without a Key,,,1,2,7.745666667,
41,Biggers,Earl Derr,Charlie Chan Carries On,,,1,5.59,7.249333333,
41,Biggers,Earl Derr,Behind That Curtain,,,4.48,4.48,7.650333333,
41,Biggers,Earl Derr,The House Without a Key,,,1,2,7.745666667,
41,Biggers,W. Watts,The Man Inside,,,7.99,7,201.8044444,
41,Biggle,Lloyd,The Light That Never Was,,,4.77,5.2,8.689,
41,Biggle,Lloyd,The Light That Never Was,,,4.77,5.2,8.689,
41,Biggle,Lloyd,The World Menders,,,3,7.43,7.647,
41,Biggle,Lloyd,The Metallic Muse,,,10,8.11,7.763333333,
41,Biggle,Lloyd,The Fury Out Of Time,,,3,8.99,12.18666667,
41,Biggle,Lloyd,All the Colors of Darkness,,,4.56,2.49,8.390666667,
41,Biggle,Lloyd,"The Still, Small Voice of Trumpets",,,3.59,3.3,3.821,
41,Binder,Eando,The Impossible World,,,6.03,3,17.55153846,
41,Binder,Eando,The Double Man,,,3.5,2.99,13.668,
41,Binder,Eando,Get Off My World,,,1.99,5.99,8.998461538,
41,Binder,Eando,Secret of the Red Spot,,,1.98,3.53,8.326923077,
41,Binder,Eando,Lords of Creation,,,5.39,1.69,18.971,
41,Binder,Eando,Menace of the Saucers,,,4.78,1.75,9.025666667,
41,Binder,Eando,"Anton York, Immortal",,,1.61,2.5,7.702666667,
41,Binder,Eando,Adam Link - Robot,,,3.58,3.59,4.692,
41,Binder,Eando,Puzzle of the Space Pyramids,,,12,3.32,15.77333333,
41,Binder,Eando,"Anton York, Immortal",,,1.61,2.5,7.702666667,
41,Binder,Eando,The Mind From Outer Space,,,4.75,5.34,8.385789474,
41,Binder,Eando,Night of the Saucers,,,1,4.13,3.902333333,
41,Binder,Eando,Five Steps to Tomorrow,,,5.2,2.94,11.12714286,
42,Bingham,John,Murder Plan Six,,,2.58,2.99,11.25625,
42,Birmingham,John,Our Time is Now,,,3,4.95,15.5,
42,Bischoff,David,Star Fall,,,1.75,1.5,9.609333333,
41,Bishop,Michael,A Funeral for the Eyes of Fire,,,1,1,8.43,
41,Bishop,Michael,Transfigurations,,,3.49,3.49,4.02,
41,Bishop,Michael,Beneath the Shattered Moons,,,6.48,3.5,22.755,
42,Bisson,Terry,Wyrldmaker,,,1.34,1.95,6.059333333,
42,Bixby,Jerome,Space by the Tale,,,1.5,7.43,10.13346154,
42,Blackburn,John,Bury Him Darkly,,,7.04,8,40.42066667,
42,Blackstock,Lee,The Shadow of Murder,,,1.5,5.4,4.421111111,
41,Blake,Nicholas,End of Chapter,,,3.64,4.04,4.332333333,
41,Blake,Nicholas,The Smiler With The Knife,,,4.05,4.05,10.107,
41,Blake,Nicholas,The Beast Must Die,,,1.83,4.47,4.511333333,
41,Blake,Nicholas,The Corpse in the Snowman,,,4.4,4.65,36.95466667,
41,Blish,James,Thirteen O'Clock and Other Zero Hours,,,12,13.5,9.07,
41,Blish,James,ESPER,,,1.25,1.5,7.07,
41,Blish,James,ESPER,,,1.25,1.5,7.07,
41,Blish,James,"Earthman, Come Home",,,3.49,3.49,3.393666667,
41,Blish,James,Midsummer Century,,,3.64,3.64,3.277,
41,Blish,James,Midsummer Century,,,3.64,3.64,3.277,
41,Blish,James,Cities In Flight,,,4.05,4.05,4.123666667,
41,Blish,James,Midsummer Century,,,3.64,3.64,3.277,
41,Blish,James,Spock Must Die!,,,1.01,1,16.44333333,
41,Blish,James,Titans' Daughter,,,4.09,2.58,5.214333333,
41,Blish,James,So Close to Home,,,1.99,6,10.33933333,
41,Blish,James,The Duplicated Man,,,4.75,2.5,7.528333333,
41,Blish,James,"Earthman, Come Home",,,3.49,3.49,3.393666667,
41,Blish,James,Black Easter,,,3.53,4,43.261,
41,Blish,James,The Warriors of Day,,,1,1,3.810666667,
41,Blish,James,A Life For The Stars,,,1.25,4.5,3.701666667,
41,Blish,James,A Case of Conscience,,,4.02,4.03,3.851666667,
41,Blish,James,The Star Dwellers,,,3.86,3.86,4.073666667,
41,Blish,James,The Triumph of Time,,,4.29,1,4.776333333,
41,Blish,James,The Quincunx of Time,,,4.97,5.16,5.303,
41,Blish,James,A Torrent of Faces,,,4.29,4.4,12.78266667,
41,Blish,James,The Night Shapes,,,4.7,4.88,4.882666667,
41,Blish,James,Galactic Cluster,,,1,1,3.263666667,
41,Blish,James,A Case of Conscience,,,4.02,4.03,3.851666667,
41,Blish,James,The Night Shapes,,,4.7,4.88,4.882666667,
41,Blish,James,A Life For The Stars,,,1.25,4.5,3.701666667,
41,Blish,James,The Triumph of Time,,,4.29,1,4.776333333,
41,Blish,James,The Warriors of Day,,,1,1,3.810666667,
41,Blish,James,The Star Dwellers,,,3.86,3.86,4.073666667,
41,Blish,James,The Frozen Year,,,5.49,2.99,30.152,
41,Blish,James,The Seedling Stars,,,4.49,1,4.237666667,
41,Blish,James,They Shall Have Stars,,,4.05,4.29,4.542,
41,Blish,James,Vor,,,1.45,4.5,4.226,
41,Blish,James,Titans' Daughter,,,4.09,2.58,5.214333333,
41,Blish,James,Jack of Eagles,,,4.37,4.49,4.107666667,
43,Blish,James,Star Trek 3,,,1.65,4.06,3.668666667,
43,Blish,James,Star Trek,10,,4.05,4.05,4.425666667,
43,Blish,James,Star Trek,10,,4.05,4.05,4.425666667,
43,Blish,James,Star Trek,9,,4.05,4.05,4.425666667,
S4,Blish,James,Nebula Award Stories Five,,,26,1.69,27.01633333,
41,Bloch,Robert,Double Science Fiction,,,5,5,6.89625,
41,Bloch,Robert,Dragons and Nightmares,,,4.95,7.6,30.58133333,
41,Bloch,Robert,Psycho II,,,6.85,6.85,9.963666667,
41,Bloch,Robert,Ladies' Day This / Crowded Earth,,,5.63,4,7.860333333,
41,Bloch,Robert,Atoms and Evil,,,3.95,7,6.503,
41,Bloch,Robert,Chamber of Horrors,,,8.75,9,22.37555556,
41,Bloch,Robert,Dragons and Nightmares,,,4.95,7.6,30.58133333,
42,Blondell,Joan,Center Door Fancy,,,4.36,4.36,41.486,
42,Bloodstone,John,Thundar!,,,3.99,10,83.44666667,
42,Bloodstone,Matthew,The Avenger,,,,,,No Result
42,Blum,Ralph,The Simultaneous Man,,,4.1,4.14,4.454,
42,Blyton,Enid,The Adventurous Four Again,,,4.09,1,3.403666667,
42,Bodelsen,Anders,Freezing Down,,,3.59,3.59,8.663,
41,Bok,Hannes,The Sorcerer's Ship,,,1,3.72,14.24533333,
41,Bok,Hannes,The Sorcerer's Ship,,,1,3.72,14.24533333,
42,Bond,J. Harvey,The Other World,,,4.49,1.75,5.758666667,
42,Bond,Nelson,Exiles of Time,,,3.49,3.49,14.94333333,
42,Bone,J. F.,The Lani People,,,3,3,9.298666667,
42,Boorman,John,Zardoz,,,11.58,13.9,68.86266667,
41,Boucher,Anthony,The Case of the Solid Key,,,10,10,87.93,
41,Boucher,Anthony,Rocket to the Morgue,,,8.09,13.96,47.54966667,
41,Boucher,Anthony,Rocket to the Morgue,,,8.09,13.96,47.54966667,
41,Boulle,Pierre,Garden on the Moon,,,1.5,4.8,6.956666667,
41,Boulle,Pierre,Time Out Of Mind,,,4,5.99,26.55,
41,Boulle,Pierre,Planet of the Apes,,,4.5,4.5,3.979333333,
42,Bounds,Sydney J.,The Robot Brains,,,3.59,1.99,10.33333333,
41,Bova,Ben,The Weathermakers,,,1.25,4.49,4.676666667,
41,Bova,Ben,The Starcrossed,,,1,4.43,4.120666667,
41,Bova,Ben,Analog Annual,,,4.03,4.05,9.667692308,
41,Bova,Ben,THX 1138,,,8.99,7,16.75233333,
41,Bova,Ben,Colony,,,3.61,3.61,3.095,
41,Bova,Ben,Capitol,,,,,,No Result
41,Bova,Ben,The Exiles Trilogy,,,3.64,1,3.635,
42,Bowen,John,After the Rain,,,4.49,5.06,4.402666667,
41,Boyd,John,The Organ Bank Farm,,,4.74,4.78,13.38041667,
41,Boyd,John,The Pollinators of Eden,,,3.49,3.49,3.770666667,
41,Boyd,John,The Gorgon Festival,,,1.5,4.99,11.0395,
41,Boyd,John,The Last Starship From Earth,,,4.37,1,4.541,
41,Boyd,John,The Last Starship From Earth,,,4.37,1,4.541,
41,Boyer,Robert H.,The Fantastic Imagnination,,,,,,No Result
41,Boyll,Randall,Darkman,,,4.05,4.05,4.136333333,
41,Brackett,Leigh,The Best of Leigh Brackett,,,10.51,10.74,28.72466667,
41,Brackett,Leigh,The Sword of Rhiannon,,,7,3,16.19233333,
41,Brackett,Leigh,The Sword of Rhiannon,,,7,3,16.19233333,
41,Brackett,Leigh,The Big Jump,,,4.01,1.25,5.254,
41,Brackett,Leigh,The Reavers of Skaith,,,4.26,4.26,6.543666667,
41,Brackett,Leigh,The Long Tomorrow,,,3.49,7.29,9.528333333,
41,Brackett,Leigh,The Reavers of Skaith,,,4.26,4.26,6.543666667,
41,Brackett,Leigh,The Ginger Star,,,1,4.08,4.38,
41,Brackett,Leigh,The Hounds of Skaith,,,3.64,4.04,3.569333333,
41,Brackett,Leigh,The Big Jump,,,4.01,1.25,5.254,
41,Brackett,Leigh,The Halfling,,,6.62,6.63,31.03296296,
41,Brackett,Leigh,The Halfling,,,6.62,6.63,31.03296296,
40,Bradbury,Edward P.,Warriors of Mars,,,1.13,1.92,12.564,
40,Bradbury,Edward P.,Barbarians of Mars,,,2.63,4,13.04033333,
40,Bradbury,Edward P.,Blades of Mars,,,1.5,3.95,10.07133333,
40,Bradbury,Ray,R is for Rocket,,,3.75,4.05,6.935666667,
40,Bradbury,Ray,The Machineries of Joy,,,3.64,3.64,3.653666667,
40,Bradbury,Ray,I Sing The Body Electric!,,,3.64,3.64,4.262666667,
40,Bradbury,Ray,Fahrenheit 451,,,3.64,3.64,3.983333333,
40,Bradbury,Ray,A Medicine For Melancholy,,,3.64,3.64,4.458666667,
40,Bradbury,Ray,The Silver Locusts,,,4.5,1,9.57,
40,Bradbury,Ray,The Illustrated Man,,,4.05,4.05,4.155666667,
40,Bradbury,Ray,The October Country,,,4.51,4.51,4.467,
40,Bradbury,Ray,Timeless Stories for Today And Tomorrow,,,3.79,8.39,16.68666667,
40,Bradbury,Ray,The Machineries of Joy,,,3.64,3.64,3.653666667,
40,Bradbury,Ray,Fahrenheit 451,,,3.64,3.64,3.983333333,
40,Bradbury,Ray,Something Wicked This Way Comes,,,3.64,3.64,4.008333333,
40,Bradbury,Ray,The Day It Rained Forever,,,5.36,5.37,6.792666667,
40,Bradbury,Ray,The Machineries of Joy,,,3.64,3.64,3.653666667,
41,Bradley,Marion Zimmer,Star of Danger,,,4.05,4.19,4.023,
41,Bradley,Marion Zimmer,Star of Danger,,,4.05,4.19,4.023,
41,Bradley,Marion Zimmer,The Bloody Sun,,,3.64,3.64,3.622,
41,Bradley,Marion Zimmer,Endless Voyage,,,1,1.75,7.786,
41,Bradley,Marion Zimmer,Endless Voyage,,,1,1.75,7.786,
41,Bradley,Marion Zimmer,Endless Universe,,,4.05,4.05,6.082333333,
41,Bradley,Marion Zimmer,The World Wreckers,,,3.67,4.08,3.9,
41,Bradley,Marion Zimmer,Web of Light,,,3.64,3.64,3.888666667,
41,Bradley,Marion Zimmer,Two to Conquer,,,4.05,4.05,4.196666667,
41,Bradley,Marion Zimmer,Darkover Landfall,,,3.49,3.59,3.860666667,
41,Bradley,Marion Zimmer,The Spell Sword,,,4.05,4.31,3.745666667,
41,Bradley,Marion Zimmer,Stormqueen!,,,4.05,4.05,3.798333333,
41,Bradley,Marion Zimmer,The Spell Sword,,,4.05,4.31,3.745666667,
41,Bradley,Marion Zimmer,Hunters of the Red Moon,,,3.65,4.05,3.610666667,
41,Bradley,Marion Zimmer,Hunters of the Red Moon,,,3.65,4.05,3.610666667,
41,Bradley,Marion Zimmer,Darkover Landfall,,,3.49,3.59,3.860666667,
41,Bradley,Marion Zimmer,The Spell Sword,,,4.05,4.31,3.745666667,
41,Bradley,Marion Zimmer,Two to Conquer,,,4.05,4.05,4.196666667,
41,Bradley,Marion Zimmer,Hunters of the Red Moon,,,3.65,4.05,3.610666667,
41,Bradley,Marion Zimmer,The Heritage of Hastur,,,4.05,4.05,3.783666667,
41,Bradley,Marion Zimmer,The Shattered Chain,,,1,4.05,3.89,
41,Bradley,Marion Zimmer,Sharra's Exile,,,4.04,4.05,3.437666667,
41,Bradley,Marion Zimmer,The Forbidden Tower,,,3.49,4.05,3.953333333,
41,Bradley,Marion Zimmer,The Forbidden Tower,,,3.49,4.05,3.953333333,
41,Brand,Max,Gunman's Reckoning,,,7.68,7.68,10.103,
41,Brand,Max,Blood On The Trail,,,4.08,4.09,8.83,
41,Brand,Max,Silvertip's Roundup,,,3.49,3.59,13.24933333,
41,Brand,Max,The Luck of the Spindrift,,,18.04,15,30.99307692,
41,Brand,Max,Silvertip's Roundup,,,3.49,3.59,13.24933333,
41,Brandner,Gary,The Big Brain,2,The Beelzebub Business,251.08,6,67.23666667,
41,Brandner,Gary,The Big Brain,1,The Aardvark Affair,3,3.5,21.93962963,
41,Brett,Michael,"Kill Him Quickly, It's Raining",,,6.16,4.95,10.91714286,
41,Brett,Michael,An Ear For Murder,,,4.05,3,13.81272727,
41,Brett,Michael,"Turn Blue, You Murderers",,,10,18,16.83333333,
41,Brett,Michael,"We, The Killers",,,4.5,4.92,7.762222222,
41,Brett,Michael,"We, The Killers",,,4.5,4.92,7.762222222,
41,Brett,Michael,"Lie A Little, Die A Little",,,2.95,8.99,17.57166667,
41,Brewer,Gil,It Takes a Thief,1,,7,2,8.086666667,
41,Brickhill,Paul,The Dam Busters,,,3.64,4.05,2.703666667,
41,Brisco,Pat A.,The Other People,,,25,,25,
41,Britain,Dan,The Godmakers,,,3,8,10.8975,
41,Broderick,Damien,Sorcerer's World,,,3.59,3.59,5.066666667,
41,Broderick,Damien,Sorcerer's World,,,3.59,3.59,5.066666667,
41,Broderick,Damien,Sorcerer's World,,,3.59,3.59,5.066666667,
41,Brooks,Terry,The Sword of Shannara,,,3.42,3.42,3.858666667,
41,Brooks,Terry,The Wishsong of Shannara,,,3.59,3.64,4.019333333,
41,Brooks,Terry,The Sword of Shannara,,,3.42,3.42,3.858666667,
42,Brower,Brock,The Late Great Creature,,,5.13,5.13,9.645666667,
41,Brown,Carter,The Hang-up Kid,,,4.09,4.65,10.04125,
41,Brown,Carter,The Angry Amazons,,,3,4.58,21.33333333,
41,Brown,Carter,The Aseptic Murders,,,2.34,3,16.47,
41,Brown,Carter,The Hammer of Thor,,,5.45,2.25,24.98782609,
41,Brown,Carter,Phreak-Out!,,,3.5,5,18.96444444,
41,Brown,Carter,Murder in the Key Club,,,6.6,6,20.60888889,
41,Brown,Carter,Phreak-Out!,,,3.5,5,18.96444444,
41,Brown,Carter,True Son of the Beast!,,,2.95,3.5,18.776,
41,Brown,Carter,Charlie Sent Me!,,,5.92,1.97,18.63272727,
41,Brown,Carter,The Ever-Loving Blues,,,2.7,6,15.16962963,
41,Brown,Carter,Had I But Groaned,,,3.49,3.49,5.52,
41,Brown,Carter,Donavan,,,3.25,3.75,20.37833333,
41,Brown,Carter,The Myopic Mermaid,,,5,13.99,13.03428571,
41,Brown,Carter,The Body,,,4.32,2.75,15.44066667,
41,Brown,Carter,"Walk Softly, Witch",,,3.58,7.99,27.401,
41,Brown,Carter,The Mini-Murders,,,3.97,8.99,15.53111111,
41,Brown,Carter,The Mini-Murders,,,3.97,8.99,15.53111111,
41,Brown,Carter,Target for their Dark Desire,,,3.5,3.95,12,
41,Brown,Carter,The Lady is Transparent,,,5.62,5.62,38.0472,
41,Brown,Carter,The Brazen,,,2.5,7.96,10.5555,
41,Brown,Carter,The White Bikini,,,3.57,5,9.017647059,
41,Brown,Carter,Night Wheeler,,,7.2,4.62,24.42882353,
41,Brown,Carter,The Iron Maiden,,,5,9.13,21.028,
41,Brown,Carter,The Sad-Eyed Seductress,,,7.64,7.64,17.428125,
41,Brown,Carter,The Ever-Loving Blues,,,2.7,6,15.16962963,
41,Brown,Carter,The Desired,,,2.58,2.75,23.20411765,
41,Brown,Carter,The Girl From Outer Space,,,2.58,3,9.13875,
41,Brown,Carter,The Unorthodox Corpse,,,6.86,3,25.40545455,
41,Brown,Carter,Hellcat,,,11.96,5.35,13.75090909,
41,Brown,Carter,The Dame,,,5.53,3,8.005454545,
41,Brown,Carter,The Coven,,,2,21.48,22.97904762,
42,Brown,Dan,Angels & Demons,,,3.24,3.24,3.469333333,
42,Brown,Fredric,"Martians, Go Home",,,6.35,6.56,7.129666667,
42,Brown,Fredric,"Martians, Go Home",,,6.35,6.56,7.129666667,
42,Brown,Fredric,Rogue in Space,,,3.64,3.64,3.618,
42,Brown,Rosel George,The Waters of Centaurus,,,4.22,4.5,12.10411765,
42,Brown,Rosel George,Galactic Sibyl Sue Blue,,,10,3.88,7.052,
42,Brown,Rosel George,Galactic Sibyl Sue Blue,,,10,3.88,7.052,
42,Brown,Rosel George,A Handful of Time,,,15,7.97,57.569,
42,Browne,Robert,The New Atoms Bombshel,,,,,,No Result
41,Brunner,John,The Wrong End of Time,,,1,1,3.289666667,
41,Brunner,John,Meeting at Infinity,,,1.99,5.84,9.481,
41,Brunner,John,Web of Everywhere,,,4.37,4.37,4.312333333,
41,Brunner,John,The Avengers of Carrig,,,1,4.14,3.754,
41,Brunner,John,The Super Barbarians,,,4.39,5.74,5.125,
41,Brunner,John,The Sheep Look Up,,,1,1,7.139666667,
41,Brunner,John,"Double, Double",,,4.08,4.08,4.270666667,
41,Brunner,John,The Productions of Time,,,3.65,4.05,4.067333333,
41,Brunner,John,Bedlam Planet,,,4.05,4.43,4.051,
41,Brunner,John,The Whole Man,,,3.58,3.59,3.901,
41,Brunner,John,The Dramaturges of Yan,,,1.83,4.26,3.274666667,
41,Brunner,John,the Atlantic Abomination,,,1.58,6.76,9.529,
41,Brunner,John,Meeting at Infinity,,,1.99,5.84,9.481,
41,Brunner,John,The Shockwave Rider,,,3.64,3.64,4.031,
41,Brunner,John,The Jagged Orbit,,,4.49,4.49,4.253333333,
41,Brunner,John,Meeting at Infinity,,,1.99,5.84,9.481,
41,Brunner,John,Born Under Mars,,,1,4.14,3.721333333,
41,Brunner,John,The Traveler in Black,,,3.64,4.04,4.096666667,
41,Brunner,John,The Dramaturges of Yan,,,1.83,4.26,3.274666667,
41,Brunner,John,Squares of the City,,,3.59,3.59,3.652666667,
41,Brunner,John,Entry to Elsewhen,,,5.67,7.43,8.823666667,
41,Brunner,John,The Stardroppers,,,1,3.7,5.271,
41,Brunner,John,the Book of John Brunner,,,1.88,4.25,25.36,
41,Brunner,John,To Conquer Chaos,,,4.74,4.89,5.037666667,
41,Brunner,John,Age of Miracles,,,4.14,4.49,4.555666667,
41,Brunner,John,The Dreaming Earth,,,3.64,3.64,4.422333333,
41,Brunner,John,Black is the Color,,,4,5.95,18.452,
41,Brunner,John,Into the Slave Nebula,,,1,1,5.922,
41,Brunner,John,The Dreaming Earth,,,3.64,3.64,4.422333333,
41,Brunner,John,The Day of the Star Cities,,,4.97,4.98,6.232333333,
41,Brunner,John,Catch a Falling Star,,,3.59,1,3.252,
41,Brunner,John,The Jagged Orbit,,,4.49,4.49,4.253333333,
41,Brunner,John,The Stone That Never Came Down,,,1,1,3.823333333,
41,Brunner,John,Total Eclipse,,,1,1,4.151333333,
41,Brunner,John,Interstellar Empire,,,3.74,4.05,6.042666667,
41,Brunner,John,Interstellar Empire,,,3.74,4.05,6.042666667,
41,Brunner,John,Polymath,,,1,4,5.446666667,
41,Brunner,John,Give Warning to the World,,,1.85,1.97,9.675652174,
41,Brunner,John,Total Eclipse,,,1,1,4.151333333,
41,Brunner,John,The Productions of Time,,,3.65,4.05,4.067333333,
41,Brunner,John,The Stardroppers,,,1,3.7,5.271,
41,Brunner,John,Quicksand,,,1,1.25,3.897666667,
41,Brunner,John,The Wrong end of Time,,,1,1,3.289666667,
41,Brunner,John,From This Day Forward,,,1.5,2.5,5.358666667,
41,Brunner,John,The Wrong end of Time,,,1,1,3.289666667,
41,Brunner,John,Give Warning to the World,,,1.85,1.97,9.675652174,
41,Brunner,John,Interstellar Empire,,,3.74,4.05,6.042666667,
41,Brunner,John,Stand on Zanzibar,,,1.39,5.29,5.591666667,
41,Brunner,John,The Whole Man,,,3.58,3.59,3.901,
41,Brunner,John,Catch a Falling Star,,,3.59,1,3.252,
41,Brunner,John,Timescoop,,,4.49,4.49,3.963333333,
41,Brunner,John,Bedlam Planet,,,4.05,4.43,4.051,
41,Brunner,John,More Things in Heaven,,,3.65,4.05,4.655,
41,Brunner,John,The Long Result,,,1,1,3.781666667,
41,Brunner,John,The World Swappers,,,1,1,4.71,
42,Bryant,Peter S.,Red Albert,,,,,,No Result
42,Buck,Peal S.,Command the Morning,,,,,,No Result
42,Buckner,Robert,Moon Pilot,,,4.99,6,6.395,
42,Budrys,Algis,Man of Earth,,,2,6,9.907,
42,Budrys,Algis,Unexpected Dimension,,,5.8,3,6.655,
42,Budrys,Algis,The Falling Torch,,,1,1,2.918,
42,Budrys,Algis,The Amsirs and the Iron Thorn,,,3.49,3.49,5.808666667,
42,Budrys,Algis,Rogue Moon,,,4.37,4.37,4.827666667,
42,Budrys,Algis,Who?,,,1,5.58,5.301666667,
42,Buell,John,The PYX,,,2.25,2.5,16.606,
42,Buell,John,The PYX,,,2.25,2.5,16.606,
42,Bulmer,Kenneth,To Outrun Doomsday,,,2.31,1,4.369333333,
42,Bulmer,Kenneth,Blazon,,,2,3,6.720666667,
42,Bulmer,Kenneth,The Doomsday Men,,,1.25,3,10.31333333,
42,Bulmer,Kenneth,Worlds for the Taking,,,4.09,1.75,5.306333333,
42,Bulmer,Kenneth,Behold the Stars,,,1.2,4.49,4.097666667,
42,Bulmer,Kenneth,Kandar,,,2.64,3,9.096,
42,Bulmer,Kenneth,City under the Sea,,,6.23,6.23,6.348333333,
42,Bulmer,Kenneth,On The Symb-Socket Circuit,,,1.35,4.51,4.043333333,
42,Bulmer,Kenneth,On The Symb-Socket Circuit,,,1.35,4.51,4.043333333,
42,Bulmer,Kenneth,The Insane City,,,1.95,3.95,17.12208333,
42,Bulmer,Kenneth,Cycle of Nemesis,,,4.98,4.99,12.16833333,
42,Bulmer,Kenneth,Roller Coaster World,,,1,4.75,4.450666667,
42,Bunch,David R.,Moderan,,,14.67,8.68,18.74966667,
42,Burgess,Anthony,A Clockwork Orange,,,3.49,3.56,3.951,
42,Burke,John,Strange Report,,,3.95,7.14,10.63181818,
42,Burke,John,Moon Zero Two,,,2.5,1.39,9.714642857,
42,Burkett,William R.,Sleeping Planet,,,1,12.5,13.372,
42,Burroughs,John Coleman,Treasure of the Black Falcon,,,3.59,1,5.673571429,
42,Busby,F.M.,Zelde M'Tana,,,3.28,7.5,6.723333333,
42,Busby,F.M.,Rissa Kerguelen,,,3.32,20,29.49833333,
42,Busby,F.M.,The Demu Trilogy,,,3.64,4.05,17.84966667,
42,Bushyager,Linda E.,The Spellstone of Shaltus,,,4.58,1,8.293333333,
42,Butler,William  ,The Butterfly Revolution,,,3.24,3.47,3.847666667,
42,Byron,Arthur,Flash Gordon,,,7,3,42.05866667,
34,Cabell,James Branch,Figures of Earth,,,3.75,4.05,4.423,
34,Cabell,James Branch,The High Place,,,2.5,8.99,11.433,
34,Cabell,James Branch,Something Above Eve,,,,,,No Result
34,Cabell,James Branch,The Silver Stallion,,,4.04,4.05,6.198,
34,Caidin,Martin,Marooned,,,3.18,4,22.511,
34,Caidin,Martin,Four Came Back,,,6.34,6.58,8.213571429,
34,Caidin,Martin,The God Machine,,,5.51,5.51,25.67724138,
34,Caidin,Martin,Cyborg,2,Operation Nuke,1,1,50.19433333,
34,Caidin,Martin,Marooned,,,3.18,4,22.511,
34,Caidin,Martin,Cyborg,,,10.3,10.31,41.45933333,
34,Caidin,Martin,Six Million Dollar Man,3,High Crystal,14.3,14.32,99.434,
34,Caidin,Martin,Cyborg,2,Operation Nuke,1,1,50.19433333,
34,Caidin,Martin,Cyborg,,,10.3,10.31,41.45933333,
34,Caldwell,Taylor,The Romance of Atlantis,,,3.64,3.64,11.97333333,
34,Cameron,Ian,Island At the Top of the World,,,4.28,4.28,4.230333333,
34,Cameron,Ian,The Girl With The Dynamite Bangs,,,,,,No Result
43,Campbell,John,Brigands of the Moon,,,60,49,55.2375,
39,Campbell,John W.,Invaders From The Infinite,,,1.5,3,27.85766667,
39,Campbell,John W.,Islands of Space,,,6,3,9.326,
39,Campbell,John W.,The Mightiest Machine,,,1.55,3.95,9.123666667,
39,Campbell,John W.,The Mightiest Machine,,,1.55,3.95,9.123666667,
39,Campbell,John W.,The Mightiest Machine,,,1.55,3.95,9.123666667,
39,Campbell,John W.,The Astounding Science Fiction Anthology,,,4,12.86,22.61033333,
39,Campbell,John W.,The Astounding Science Fiction Anthology,,,4,12.86,22.61033333,
39,Campbell,John W.,Analog 2,,,2,3.4,11.97933333,
39,Campbell,Marion,The Dark Twin,,,1.65,4.17,5.848,
39,Canning,John,50 Great Horror Stories,,,3.65,3.79,20.27833333,
39,Canning,John,50 Great Horror Stories,,,3.65,3.79,20.27833333,
39,Canning,John,50 Great Horror Stories,,,3.65,3.79,20.27833333,
39,Canning,Victor,The Man From The Turkish Slave,,,3.49,3.59,12.26766667,
40,Capek,Karel,War With The Newts,,,4.5,4.86,5.827333333,
40,Capps,Carroll M.,Secret of the Sunless World,,,1,1,8.624761905,
40,Carell,Paul,Invasion- They're Coming!,,,4.37,4.54,11.42433333,
43,Carey,Diane,Star Trek: Final Frontier,,,3.24,3.24,3.354,
40,Carlsen,Chris,The Bull Chief,,,11.95,8.95,19.07,
35,Carnell,John,New Writings in SF 9,,,3,4,8.638076923,
35,Carnell,John,New Writings in SF-4,,,4.5,6.1,17.015,
35,Carnell,John,New Writings in SF-4,,,4.5,6.1,17.015,
35,Carnell,John,New Writings in SF-15,,,4.48,4,12.03066667,
35,Carnell,John,New Writings in SF-3,,,4.09,4.09,6.001333333,
35,Carnell,John,New Writings in SF-3,,,4.09,4.09,6.001333333,
35,Carnell,John,New Writings in SF-17,,,1.95,8,12.36954545,
35,Carnell,John,New Writings in SF-8,,,3,4,10.535,
35,Carnell,John,New Writings in SF-9,,,3,4,8.638076923,
34,Carr,John Dickson,The Third Bullet,,,8.19,8.2,65.00227273,
34,Carr,John Dickson,The Problem Of The Wire Cage,,,4.23,4.23,4.346,
34,Carr,John Dickson,The Emperor's Snuff Box,,,4.08,4.08,5.111333333,
34,Carr,John Dickson,The Dead Man's Knock,,,5.46,5.46,7.233666667,
34,Carr,John Dickson,The House At Satan's Elbow,,,5.63,6.47,7.248,
34,Carr,John Dickson,Below Suspicion,,,4.14,4.14,5.608,
34,Carr,John Dickson,The Demoniacs,,,3.64,4.04,4.849666667,
34,Carr,John Dickson,The Sleeping Sphinx,,,2.59,5,19.107,
34,Carr,John Dickson,The Man Who Could Not Shudder,,,4.49,4.49,5.748333333,
34,Carr,John Dickson,The Witch of the Low Tide,,,3.26,3.26,4.229333333,
35,Carr,Terry,Universe 2,,,4,5,18.55153846,
35,Carr,Terry,An Exaltation of Stars,,,4,5,7.625333333,
35,Carr,Terry,An Exaltation of Stars,,,4,5,7.625333333,
35,Carr,Terry,Universe 5,,,4.05,4.05,9.794666667,
35,Carr,Terry,The Best Science Fiction of the Year #3,,,4.05,4.05,4.183,
35,Carr,Terry,This Side of Infinity,,,5,3.95,7.906842105,
35,Carr,Terry,On Our Way To The Future,,,4.38,4.51,6.531875,
35,Carr,Terry,Universe 1,,,4.55,4.55,33.11956522,
40,Carre,John Le,The Spy Who Cam In From The Cold,,,,,,No Result
40,Carrigan,Richard and Nancy,The Siren Stars,,,3,3.5,7.200384615,
40,Carter,Angela,Heroes & Villains,,,4.5,4.51,4.037666667,
40,Carter,Angela,Heroes & Villains,,,4.5,4.51,4.037666667,
40,Carter,John,The New Avengers: The Eagle's Nest,,,4.02,5,6.934230769,
40,Carter,John,The New Avengers: The Eagle's Nest,,,4.02,5,6.934230769,
37,Carter,Lin,Outworlder,,,4,4,8.190666667,
37,Carter,Lin,The Black Star,,,1,4.75,5.826666667,
37,Carter,Lin,Outworlder,,,4,4,8.190666667,
37,Carter,Lin,Sky Pirates of Callisto,,,3.49,3.49,3.677,
37,Carter,Lin,The Volcano Ogre,,,4.05,4,8.874666667,
37,Carter,Lin,Invisible Death,,,4.51,7.15,10.67333333,
37,Carter,Lin,The Nemesis of Evil,,,4.45,4.45,16.121,
37,Carter,Lin,Lost World of Time,,,1.5,1,6.101,
37,Carter,Lin,Thongor and the Dragon City,,,4.04,4.04,24.99666667,
37,Carter,Lin,The Valley Where Time Stood Still,,,5.5,5.8,13.40466667,
37,Carter,Lin,Discoveries in Fantasy,,,5,5.35,14.005,
37,Carter,Lin,Imaginary Worlds,,,10,19.51,140.04875,
37,Carter,Lin,Great Short Novels of Adult Fantasy I,,,6.86,2.5,8.747777778,
37,Carter,Lin,Mind Wizards of Callisto,,,4.14,4.14,13.253,
37,Carter,Lin,Flashing Swords! 2,,,4.34,4.36,8.426,
37,Carter,Lin,Outworlder,,,4,4,8.190666667,
37,Carter,Lin,Jandar of Callisto,,,4.51,1,5.386,
37,Carter,Lin,As The Green Star Rises,,,4.05,4.51,10.929,
37,Carter,Lin,Under The Green Star,,,4.4,1,7.852,
37,Carter,Lin,The Man Who Loved Mars,,,1.75,1.75,4.136666667,
37,Carter,Lin,Renegade of Callisto,,,5.85,5.99,22.10863636,
37,Carter,Lin,Beyond the Gates of Dream,,,1,2,4.237,
37,Carter,Lin,Beyond the Gates of Dream,,,1,2,4.237,
37,Carter,Lin,The Year's Best Fantasy Stories,,,4.05,4.45,6.67,
37,Carter,Lin,Sky Pirates of Callisto,,,3.49,3.49,3.677,
37,Carter,Lin,Time War,,,1.5,1.5,5.794666667,
37,Carter,Lin,Discoveries in Fantasy,,,5,5.35,14.005,
37,Carter,Lin,The Year's Best Fantasy Stories 4,,,4,7.75,26.962,
37,Carter,Lin,New Worlds For Old,,,3.88,10,21.76904762,
37,Carter,Lin,By The Light of the Green Star,,,3.5,3.5,10.52033333,
37,Carter,Lin,Under the Green Star,,,4.4,1,7.852,
37,Carter,Lin,By The Light of the Green Star,,,3.5,3.5,10.52033333,
37,Carter,Lin,Great Short Novels of Adult Fantasy Volume II,,,19.68,16.44,24.38777778,
37,Carter,Lin,Journey to the Underground World,,,5.79,4.95,17.17846154,
37,Carter,Lin,The Year's Best Fantasy Stories 2,,,4.09,4.94,15.22862069,
37,Carter,Lin,Thongor Against the Gods,,,3.67,1.65,4.527666667,
37,Carter,Lin,Thongor Fights the Pirates of Tarakus,,,4.49,4.5,4.939,
37,Carter,Lin,The Enchantress of World's End,,,5.66,5.66,7.483333333,
37,Carter,Lin,The Year's Best Fantasy Stories 3,,,5,7.5,13.2747619,
37,Carter,Lin,The Wizard of Lemuria,,,1,1,7.584,
37,Carter,Lin,Thongor of Lemuria,,,1,2,14.56833333,
37,Carter,Lin,Thongor In The City of Magicians,,,1.13,1.13,5.461666667,
37,Carter,Lin,Thongor At The End Of Time,,,3.64,4.05,4.828666667,
37,Carter,Lin,The Flame of Iridar,,,10,17.5,10.21148148,
37,Carter,Lin,Black Legion of Callisto,,,1,4.33,4.196333333,
37,Carter,Lin,Black Legion of Callisto,,,1,4.33,4.196333333,
37,Carter,Lin,The Warrior Of World's End,,,4.58,6.49,7.976,
37,Carter,Lin,Flashing Swords! I,,,3.95,,3.95,
37,Carter,Lin,Tower At The Edge of Time,,,1,4.24,3.742,
37,Carter,Lin,The Man Who Loved Mars,,,1.75,1.75,4.136666667,
37,Carter,Lin,Giant Of World's End,,,2.5,10,14.21111111,
37,Carter,Lin,Time War,,,1.5,1.5,5.794666667,
37,Carter,Lin,Flashing Swords! 3,,,14.95,7,23.846,
37,Carter,Lin,Ylana of Callisto,,,4.49,4.49,14.06,
37,Carter,Lin,The Black Star,,,1,4.75,5.826666667,
37,Carter,Lin,The Enchantress of World's End,,,5.66,5.66,7.483333333,
37,Carter,Lin,The Wizard of Zao,,,4.05,4.05,6.096,
37,Carter,Lin,The Warrior Of World's End,,,4.58,6.49,7.976,
37,Carter,Lin,When The Green Star Calls,,,3.59,3.99,5.578,
37,Carter,Lin,The Wizard of Zao,,,4.05,4.05,6.096,
37,Carter,Lin,The Man Who Loved Mars,,,1.75,1.75,4.136666667,
37,Carter,Lin,Lost Worlds,,,5.13,4,14.626,
37,Carter,Lin,In The Green Star's Glow,,,7.5,4,25.658,
37,Carter,Lin,Lankar Of Callisto,,,4.4,4.51,14.623,
37,Carter,Lin,Mind Wizards of Callisto,,,4.14,4.14,13.253,
37,Carter,Lin,"Golden Cities, Far",,,7.86,5,14.44105263,
37,Carter,Lin,Black Legion of Callisto,,,1,4.33,4.196333333,
37,Carter,Lin,The Quest of Kadji,,,1,5.01,6.191333333,
37,Carter,Lin,Lost World of Time,,,1.5,1,6.101,
37,Carter,Lin,Renegade of Callisto,,,5.85,5.99,22.10863636,
37,Carter,Lin,The City Outside The World,,,3.64,3.64,3.878666667,
37,Carter,Lin,Star Rogue,,,2,4.75,13.16233333,
37,Carter,Lin,Mad Empress Of Callisto,,,6,4.5,23.76366667,
36,Carter,Nick,Death Island,,,1.85,6.52,31.19142857,
36,Carter,Nick,The Amazon,,,4.09,4.5,11.00052632,
36,Carter,Nick,The Bright Blue Death,,,1.95,1.95,4.754705882,
36,Carter,Nick,The Judas Spy,,,4.14,4.38,10.23833333,
36,Carter,Nick,The Green Wolf Connection,,,1.5,4.5,9.962,
36,Carter,Nick,100,,,6,5.83,12.76857143,
36,Carter,Nick,The Berlin Target,,,4.08,4.08,38.988,
36,Carter,Nick,Target Red Star,,,5.37,6,15.60578947,
36,Carter,Nick,The Q-man,,,2.25,3,4.3125,
36,Carter,Nick,The Jamaican Exchange,,,4.75,7.61,27.83363636,
36,Carter,Nick,ThunderStrike In Syria,,,4.5,1,11.38789474,
36,Carter,Nick,Blood of the Scimitar,,,8.76,8.8,26.38923077,
36,Carter,Nick,Circle of Scorpions,,,5.37,5.37,21.293125,
36,Carter,Nick,The Kremlin Killer,,,,,,No Result
36,Carter,Nick,Night of the Warheads,,,13,13.02,35.36333333,
36,Carter,Nick,Death Island,,,1.85,6.52,31.19142857,
36,Carter,Nick,Operation Sharkbite,,,4.08,4.09,26.817,
36,Carter,Nick,The Budapest Run,,,5.68,5.68,18.43777778,
36,Carter,Nick,Caribbean Coup,,,6,13.8,33.22,
36,Carter,Nick,Berlin,,,6.8,3,11.24566667,
36,Carter,Nick,The Cobra Killer,,,,,,No Result
36,Carter,Nick,Night of the Avenger,,,4.1,4.14,8.523666667,
36,Carter,Nick,The Defector,,,1.58,1.34,15.065,
36,Carter,Nick,The Death's-Head Conspiracy,,,4.09,4.14,11.97619048,
36,Carter,Nick,Checkmate in Rio,,,2.75,4,41.15692308,
36,Carter,Nick,Operation Che Guevara,,,4.09,1,20.2395,
36,Carter,Nick,The Devil's Cockpit,,,4.47,8.99,17.41555556,
36,Carter,Nick,Seven Against Greece,,,4.14,4.2,13.74413793,
36,Carter,Nick,14 Seconds to Hell,,,4.49,7.95,10.96125,
36,Carter,Nick,Assignment: Israel,,,4.09,1.6,5.181923077,
36,Carter,Nick,Under The Wall,,,4.45,4.45,12.683,
36,Carter,Nick,The Tulip Affair,,,3.49,1,42.19333333,
36,Carter,Nick,Amsterdam,,,1,4,14.29090909,
36,Carter,Nick,The Terrible Ones,,,3.49,3.49,4.369,
36,Carter,Nick,14 Seconds to Hell,,,4.49,7.95,10.96125,
36,Carter,Nick,Istanbul,,,4.47,4.48,9.923666667,
36,Carter,Nick,The Katmandu Contract,,,3.59,3.59,16.34586207,
36,Carter,Nick,The Liquidator,,,1.65,3.07,9.966315789,
36,Carter,Nick,Race of Death,,,3.64,3.64,17.80863636,
36,Carter,Nick,The Executioners,,,3.59,3.59,15.43344828,
36,Carter,Nick,100,,,6,5.83,12.76857143,
36,Carter,Nick,The Eyes of the Tiger,,,6.21,6.28,12.64785714,
36,Carter,Nick,The Arab Plague,,,4.27,4.51,5.065,
36,Carter,Nick,Macao,,,4.08,4.08,19.4,
36,Carter,Nick,Moscow,,,4.94,4.94,12.89266667,
36,Carter,Nick,Danger Key,,,3.59,4.33,5.213333333,
36,Carter,Nick,Hanoi,,,2,2.25,17.10388889,
36,Carter,Nick,Saigon,,,1,1,7.095333333,
36,Carter,Nick,14 Seconds to Hell,,,4.49,7.95,10.96125,
36,Carter,Nick,Dragon Flame,,,2.85,3,18.3325,
36,Carter,Nick,The Mark of Cosa Nostra,,,4.51,4.55,4.6696,
36,Carter,Nick,Sign of the Cobra,,,4.49,4.51,20.707,
36,Carter,Nick,Double Identity,,,4.49,1.5,14.94866667,
36,Carter,Nick,The Human Time Bomb,,,4.09,1.25,19.15833333,
36,Carter,Nick,"Nick Carter, Detective",,,3.25,7.09,15.04642857,
36,Carter,Nick,Race of Death,,,3.64,3.64,17.80863636,
36,Carter,Nick,Assignment: Intercept,,,3.07,6,12.26727273,
36,Carter,Nick,"Nick Carter, Detective",,,3.25,7.09,15.04642857,
36,Carter,Nick,The Mark of Cosa Nostra,,,4.51,4.55,4.6696,
36,Carter,Nick,A Bullet For Fidel,,,3.49,3.59,12.37461538,
36,Carter,Nick,Web of Spies,,,1.47,6.99,31.13153846,
36,Carter,Nick,Our Agent in Rome is Missing,,,4.02,4.69,4.448333333,
36,Carter,Nick,The Satan Trap,,,4.73,4.74,39.58666667,
36,Carter,Nick,Strike Force Terror,,,3.49,3.59,7.259130435,
36,Carter,Nick,The Sign of the Prayer Shawl,,,1,4.97,17.01944444,
36,Carter,Nick,Butcher of Belgrade,,,3,6.9,25.06066667,
36,Carter,Nick,The Living Death,,,4.14,4.14,12.14633333,
36,Carter,Nick,The Snake Flag Conspiracy,,,1.25,1,10.77529412,
36,Carter,Nick,Operation Snake,,,1,1,4.175789474,
36,Carter,Nick,The Kremlin File,,,1,4,26.15888889,
36,Carter,Nick,Assassination Brigade,,,4.09,4.09,4.614117647,
36,Carter,Nick,Agent Counter-Agent,,,4.05,6.26,21.34666667,
36,Carter,Nick,The Casbah Killers,,,4.51,8.99,19.87,
36,Carter,Nick,Jewel of Doom,,,1,1.47,22.40277778,
36,Carter,Nick,The Liquidator,,,1.65,3.07,9.966315789,
36,Carter,Nick,Operation Moon Rocket,,,4.5,2.5,9.025238095,
36,Carter,Nick,Mission to Venice,,,28.67,45.47,22.47181818,
36,Carter,Nick,The Mind Poisoners,,,1.2,8.09,5.511666667,
36,Carter,Nick,The Doomsday Formula,,,4.05,4.09,12.53071429,
36,Carter,Nick,Fraulein Spy,,,1.59,1.59,7.457333333,
36,Carter,Nick,The Black Death,,,1,1.36,5.671666667,
36,Carter,Nick,Run Spy Run,,,12.21,12.95,15.36166667,
36,Carter,Nick,The Living Death,,,4.14,4.14,12.14633333,
36,Carter,Nick,Assault on England,,,4.68,5.68,29.5452381,
36,Carter,Nick,The Weapon of Night,,,4.14,4.22,9.898888889,
36,Carter,Nick,The Inca Death Squad,,,4.99,5.39,50.32,
36,Carter,Nick,The Executioners,,,3.59,3.59,15.43344828,
36,Carter,Nick,Hood of Death,,,4.5,1,9.01,
36,Carter,Nick,Counterfeit Agent,,,1.5,1,22.572,
36,Carter,Nick,Hood of Death,,,4.5,1,9.01,
36,Carter,Nick,The 13th Spy,,,3.49,3.49,11.3984,
36,Carter,Nick,The Sea Trap,,,4.09,4.14,14.47714286,
36,Carter,Nick,Ice Trap Terror,,,1,5.66,20.094375,
36,Carter,Nick,The Black Death,,,1,1.36,5.671666667,
36,Carter,Nick,The Death Spartan,,,,,,No Result
36,Carter,Nick,Day of the Dingo,,,4.05,4.05,9.298,
36,Carter,Nick,The Filthy Five,,,3.98,8.88,9.54,
36,Carter,Nick,Ice Bomb Zero,,,4.47,3.48,13.97733333,
36,Carter,Nick,The Defector,,,1.58,1.34,15.065,
36,Carter,Nick,Code Name: Werewolf,,,2,3.07,9.134285714,
36,Carter,Nick,Our Agent in Rome is Missing,,,4.02,4.69,4.448333333,
36,Carter,Nick,Safari For Spies,,,4.19,4.85,10.4912,
36,Carter,Nick,The Chinese Paymaster,,,4.14,6.1,18.71611111,
36,Carter,Nick,Target: Doomsday Island,,,4.57,3.33,19.06125,
36,Carter,Nick,The Inca Death Squad,,,4.99,5.39,50.32,
36,Carter,Nick,The Yukon Target,,,3.64,4.05,17.55583333,
36,Carter,Nick,Operation Starvation,,,4.51,4,28.003,
36,Carter,Nick,Suicide Seat,,,4.94,1,21.39666667,
36,Carter,Nick,The Kali Death Cult,,,4.49,4.5,8.16,
36,Carter,Nick,The Weapon of Night,,,4.14,4.22,9.898888889,
36,Carter,Nick,The Devil's Dozen,,,4.36,4.51,6.585555556,
36,Carter,Nick,Operation Vendetta,,,3.59,3.59,33.191875,
36,Carter,Nick,The Defector,,,1.58,1.34,15.065,
36,Carter,Nick,Doctor DNA,,,11.92,11.92,23.57090909,
36,Carter,Nick,The Istanbul Decision,,,5.68,5.68,21.79214286,
36,Carter,Nick,Earth Shaker,,,14.08,14.08,14.73571429,
36,Carter,Nick,Chessmaster,,,4.79,4.8,22.53428571,
36,Carter,Nick,Temple of Fear,,,1,5.06,8.471111111,
36,Carter,Nick,The Cairo Mafia,,,5,8,9.931428571,
36,Carter,Nick,The Inca Death Squad,,,4.99,5.39,50.32,
36,Carter,Nick,Double Identity,,,4.49,1.5,14.94866667,
36,Carter,Nick,The Red Rays,,,3.21,4,23.29166667,
36,Carter,Nick,Operation Starvation,,,4.51,4,28.003,
36,Carter,Nick,The Living Death,,,4.14,4.14,12.14633333,
36,Carter,Nick,The Red Guard,,,1.83,1,15.74222222,
36,Carter,Nick,Temple of Fear,,,1,5.06,8.471111111,
37,Carter,Nick,Massacre in Milan,,,4.14,4.14,28.82,
37,Carter,Nick,The List,,,4.49,4.5,18.22380952,
37,Carter,Nick,Ice Trap Terror,,,1,5.66,20.094375,
37,Carter,Nick,Time Clock of Death,,,4.5,4.51,23.1475,
37,Carter,Nick,Agent Counter-Agent,,,4.05,6.26,21.34666667,
37,Carter,Nick,The China Doll,,,3.5,5,30.004375,
37,Carter,Nick,Carnival for Killing,,,2,1,9.225,
37,Carter,Nick,A Brand New World,,,,,,No Result
37,Carter,Nick,The Peking Dossier,,,1.5,1,12.78925926,
37,Carter,Nick,Macao,,,4.08,4.08,19.4,
37,Carter,Nick,The Peking Dossier,,,1.5,1,12.78925926,
37,Carter,Nick,Safari For Spies,,,4.19,4.85,10.4912,
37,Carter,Nick,The Golden Serpent,,,3,3.13,9.205925926,
37,Carter,Nick,The Omega Terror,,,4.48,4.49,7.7644,
40,Castle,Jeffrey Lloyd,Sattellite E One,,,,,,No Result
40,Cave,Peter,The New Avengers: House of Cards,,,5,3.35,4.945333333,
34,Chaber,M.E.,The Day it Rained Diamonds,,,4.5,6,14.9225,
34,Chaber,M.E.,The Bonded Dead,,,6,10.71,23.99642857,
34,Chaber,M.E.,Jade for a Lady,,,6.32,12,29.07777778,
34,Chaber,M.E.,A Hearse of Another Color,,,7.95,12.5,14.04241379,
34,Chaber,M.E.,Green Grow The Graves,,,2.75,17,13.971875,
34,Chaber,M.E.,Six Who Ran,,,4.49,8.99,10.48545455,
34,Chaber,M.E.,The Gallows Garden,,,25,50,15.248,
34,Chaber,M.E.,Wanted: Dead Men,,,5,9.37,16.27277778,
34,Chaber,M.E.,A Man in the Middle,,,10,13.5,14.07210526,
